timestamp,battery,current_ma,mah_drawn,mah_remain,soc,auto_land,alt,roll,pitch,yaw,acc_x,acc_y,acc_z,gyro_x,gyro_y,gyro_z,mag_x,mag_y,mag_z,rc_roll,rc_pitch,rc_yaw,rc_throttle,rc_aux1,rc_aux2,rc_aux3,rc_aux4,pid_roll_p,pid_roll_i,pid_roll_d,pid_pitch_p,pid_pitch_i,pid_pitch_d,pid_yaw_p,pid_yaw_i,pid_yaw_d
1779415872.532,3.62,1600,33,367,58,0,-0.12,-0.5,-3.2,-171,0.002,-0.018,0.996,1.25,-0.50,-2.12,0.0,0.0,0.0,1500,1500,1500,1000,1500,1000,1000,1500,40,40,40,40,40,40,85,45,0
1779415873.626,3.62,1600,33,367,58,0,-0.12,-0.5,-3.2,-171,0.002,-0.018,0.996,1.25,-0.50,-2.12,0.0,0.0,0.0,1500,1500,1500,1000,1500,1000,1000,1500,40,40,40,40,40,40,85,45,0
1779415874.703,3.62,1600,33,367,58,0,-0.12,-0.5,-3.2,-171,0.002,-0.018,0.996,1.25,-0.50,-2.12,0.0,0.0,0.0,1500,1500,1500,1000,1500,1000,1000,1500,40,40,40,40,40,40,85,45,0
1779415875.778,3.62,1600,33,367,58,0,-0.12,-0.5,-3.2,-171,0.002,-0.018,0.996,1.25,-0.50,-2.12,0.0,0.0,0.0,1500,1500,1500,1000,1500,1000,1000,1500,40,40,40,40,40,40,85,45,0
1779415876.858,3.62,1600,33,367,58,0,-0.12,-0.5,-3.2,-171,0.002,-0.018,0.996,1.25,-0.50,-2.12,0.0,0.0,0.0,1500,1500,1500,1000,1500,1000,1000,1500,40,40,40,40,40,40,85,45,0
1779415877.942,3.62,1600,33,367,58,0,-0.12,-0.5,-3.2,-171,0.002,-0.018,0.996,1.25,-0.50,-2.12,0.0,0.0,0.0,1500,1500,1500,1000,1500,1000,1000,1500,40,40,40,40,40,40,85,45,0
1779415879.028,3.62,1600,33,367,58,0,-0.12,-0.5,-3.2,-171,0.002,-0.018,0.996,1.25,-0.50,-2.12,0.0,0.0,0.0,1500,1500,1500,1000,1500,1000,1000,1500,40,40,40,40,40,40,85,45,0
1779415880.109,3.62,1600,33,367,58,0,-0.12,-0.5,-3.2,-171,0.002,-0.018,0.996,1.25,-0.50,-2.12,0.0,0.0,0.0,1500,1500,1500,1000,1500,1000,1000,1500,40,40,40,40,40,40,85,45,0
1779415881.203,3.62,1600,33,367,58,0,-0.12,-0.5,-3.2,-171,0.002,-0.018,0.996,1.25,-0.50,-2.12,0.0,0.0,0.0,1500,1500,1500,1000,1500,1000,1000,1500,40,40,40,40,40,40,85,45,0
1779415882.314,3.62,1600,33,367,58,0,-0.12,-0.5,-3.2,-171,0.002,-0.018,0.996,1.25,-0.50,-2.12,0.0,0.0,0.0,1500,1500,1500,1000,1500,1000,1000,1500,40,40,40,40,40,40,85,45,0
1779415883.442,3.62,1600,33,367,58,0,-0.12,-0.5,-3.2,-171,0.002,-0.018,0.996,1.25,-0.50,-2.12,0.0,0.0,0.0,1500,1500,1500,1000,1500,1000,1000,1500,40,40,40,40,40,40,85,45,0
1779415884.520,3.62,1600,33,367,58,0,-0.12,-0.5,-3.2,-171,0.002,-0.018,0.996,1.25,-0.50,-2.12,0.0,0.0,0.0,1500,1500,1500,1000,1500,1000,1000,1500,40,40,40,40,40,40,85,45,0
1779415885.591,3.62,1600,33,367,58,0,-0.12,-0.5,-3.2,-171,0.002,-0.018,0.996,1.25,-0.50,-2.12,0.0,0.0,0.0,1500,1500,1500,1000,1500,1000,1000,1500,40,40,40,40,40,40,85,45,0
1779415886.671,3.62,1600,33,367,58,0,-0.12,-0.5,-3.2,-171,0.002,-0.018,0.996,1.25,-0.50,-2.12,0.0,0.0,0.0,1500,1500,1500,1000,1500,1000,1000,1500,40,40,40,40,40,40,85,45,0
1779415887.750,3.62,1600,33,367,58,0,-0.12,-0.5,-3.2,-171,0.002,-0.018,0.996,1.25,-0.50,-2.12,0.0,0.0,0.0,1500,1500,1500,1000,1500,1000,1000,1500,40,40,40,40,40,40,85,45,0
1779415888.834,3.62,1600,33,367,58,0,-0.12,-0.5,-3.2,-171,0.002,-0.018,0.996,1.25,-0.50,-2.12,0.0,0.0,0.0,1500,1500,1500,1000,1500,1000,1000,1500,40,40,40,40,40,40,85,45,0
1779415889.911,3.62,1600,33,367,58,0,-0.12,-0.5,-3.2,-171,0.002,-0.018,0.996,1.25,-0.50,-2.12,0.0,0.0,0.0,1500,1500,1500,1000,1500,1000,1000,1500,40,40,40,40,40,40,85,45,0
1779415890.992,3.62,1600,33,367,58,0,-0.12,-0.5,-3.2,-171,0.002,-0.018,0.996,1.25,-0.50,-2.12,0.0,0.0,0.0,1500,1500,1500,1000,1500,1000,1000,1500,40,40,40,40,40,40,85,45,0
1779415892.068,3.62,1600,33,367,58,0,-0.12,-0.5,-3.2,-171,0.002,-0.018,0.996,1.25,-0.50,-2.12,0.0,0.0,0.0,1500,1500,1500,1000,1500,1000,1000,1500,40,40,40,40,40,40,85,45,0
1779415893.178,3.62,1600,33,367,58,0,-0.12,-0.5,-3.2,-171,0.002,-0.018,0.996,1.25,-0.50,-2.12,0.0,0.0,0.0,1500,1500,1500,1000,1500,1000,1000,1500,40,40,40,40,40,40,85,45,0
1779415894.281,3.62,1600,33,367,58,0,-0.12,-0.5,-3.2,-171,0.002,-0.018,0.996,1.25,-0.50,-2.12,0.0,0.0,0.0,1500,1500,1500,1000,1500,1000,1000,1500,40,40,40,40,40,40,85,45,0
1779415895.392,3.62,1600,33,367,58,0,-0.12,-0.5,-3.2,-171,0.002,-0.018,0.996,1.25,-0.50,-2.12,0.0,0.0,0.0,1500,1500,1500,1000,1500,1000,1000,1500,40,40,40,40,40,40,85,45,0
1779415896.482,3.62,1600,33,367,58,0,-0.12,-0.5,-3.2,-171,0.002,-0.018,0.996,1.25,-0.50,-2.12,0.0,0.0,0.0,1500,1500,1500,1000,1500,1000,1000,1500,40,40,40,40,40,40,85,45,0
1779415897.554,3.62,1600,33,367,58,0,-0.12,-0.5,-3.2,-171,0.002,-0.018,0.996,1.25,-0.50,-2.12,0.0,0.0,0.0,1500,1500,1500,1000,1500,1000,1000,1500,40,40,40,40,40,40,85,45,0
1779415898.628,3.62,1600,33,367,58,0,-0.12,-0.5,-3.2,-171,0.002,-0.018,0.996,1.25,-0.50,-2.12,0.0,0.0,0.0,1500,1500,1500,1000,1500,1000,1000,1500,40,40,40,40,40,40,85,45,0
1779415899.714,3.62,1600,33,367,58,0,-0.12,-0.5,-3.2,-171,0.002,-0.018,0.996,1.25,-0.50,-2.12,0.0,0.0,0.0,1500,1500,1500,1000,1500,1000,1000,1500,40,40,40,40,40,40,85,45,0
1779415900.794,3.62,1600,33,367,58,0,-0.12,-0.5,-3.2,-171,0.002,-0.018,0.996,1.25,-0.50,-2.12,0.0,0.0,0.0,1500,1500,1500,1000,1500,1000,1000,1500,40,40,40,40,40,40,85,45,0
1779415901.871,3.62,1600,33,367,58,0,-0.12,-0.5,-3.2,-171,0.002,-0.018,0.996,1.25,-0.50,-2.12,0.0,0.0,0.0,1500,1500,1500,1000,1500,1000,1000,1500,40,40,40,40,40,40,85,45,0
1779415902.971,3.62,1600,33,367,58,0,-0.12,-0.5,-3.2,-171,0.002,-0.018,0.996,1.25,-0.50,-2.12,0.0,0.0,0.0,1500,1500,1500,1000,1500,1000,1000,1500,40,40,40,40,40,40,85,45,0
1779415904.061,3.62,1600,33,367,58,0,-0.12,-0.5,-3.2,-171,0.002,-0.018,0.996,1.25,-0.50,-2.12,0.0,0.0,0.0,1500,1500,1500,1000,1500,1000,1000,1500,40,40,40,40,40,40,85,45,0
1779415905.146,3.62,1600,33,367,58,0,-0.12,-0.5,-3.2,-171,0.002,-0.018,0.996,1.25,-0.50,-2.12,0.0,0.0,0.0,1500,1500,1500,1000,1500,1000,1000,1500,40,40,40,40,40,40,85,45,0
1779415906.218,3.62,1600,33,367,58,0,-0.12,-0.5,-3.2,-171,0.002,-0.018,0.996,1.25,-0.50,-2.12,0.0,0.0,0.0,1500,1500,1500,1000,1500,1000,1000,1500,40,40,40,40,40,40,85,45,0
1779415907.294,3.62,1600,33,367,58,0,-0.12,-0.5,-3.2,-171,0.002,-0.018,0.996,1.25,-0.50,-2.12,0.0,0.0,0.0,1500,1500,1500,1000,1500,1000,1000,1500,40,40,40,40,40,40,85,45,0
1779415908.383,3.62,1600,33,367,58,0,-0.12,-0.5,-3.2,-171,0.002,-0.018,0.996,1.25,-0.50,-2.12,0.0,0.0,0.0,1500,1500,1500,1000,1500,1000,1000,1500,40,40,40,40,40,40,85,45,0
1779415909.474,3.62,1600,33,367,58,0,-0.12,-0.5,-3.2,-171,0.002,-0.018,0.996,1.25,-0.50,-2.12,0.0,0.0,0.0,1500,1500,1500,1300,1500,1000,1000,1200,40,40,40,40,40,40,85,45,0
1779415910.553,3.62,1600,33,367,58,0,-0.12,-0.5,-3.2,-171,0.002,-0.018,0.996,1.25,-0.50,-2.12,0.0,0.0,0.0,1500,1500,1500,1300,1500,1000,1000,1200,40,40,40,40,40,40,85,45,0
1779415911.638,3.62,1600,33,367,58,0,-0.12,-0.5,-3.2,-171,0.002,-0.018,0.996,1.25,-0.50,-2.12,0.0,0.0,0.0,1500,1500,1500,1300,1500,1000,1000,1200,40,40,40,40,40,40,85,45,0
1779415912.722,3.62,1600,33,367,58,0,-0.12,-0.5,-3.2,-171,0.002,-0.018,0.996,1.25,-0.50,-2.12,0.0,0.0,0.0,1500,1500,1500,1000,1500,1000,1000,1500,40,40,40,40,40,40,85,45,0
1779415913.840,3.62,1600,33,367,58,0,-0.12,-0.5,-3.2,-171,0.002,-0.018,0.996,1.25,-0.50,-2.12,0.0,0.0,0.0,1500,1500,1500,1000,1500,1000,1000,1500,40,40,40,40,40,40,85,45,0
1779415914.954,3.62,1600,33,367,58,0,-0.12,-0.5,-3.2,-171,0.002,-0.018,0.996,1.25,-0.50,-2.12,0.0,0.0,0.0,1500,1500,1500,1000,1500,1000,1000,1500,40,40,40,40,40,40,85,45,0
1779415916.079,3.62,1600,33,367,58,0,-0.12,-0.5,-3.2,-171,0.002,-0.018,0.996,1.25,-0.50,-2.12,0.0,0.0,0.0,1500,1500,1500,1000,1500,1000,1000,1500,40,40,40,40,40,40,85,45,0
1779415917.179,3.62,1600,33,367,58,0,-0.12,-0.5,-3.2,-171,0.002,-0.018,0.996,1.25,-0.50,-2.12,0.0,0.0,0.0,1500,1500,1500,1000,1500,1000,1000,1500,40,40,40,40,40,40,85,45,0
1779415918.261,3.62,1600,33,367,58,0,-0.12,-0.5,-3.2,-171,0.002,-0.018,0.996,1.25,-0.50,-2.12,0.0,0.0,0.0,1500,1500,1500,1000,1500,1000,1000,1500,40,40,40,40,40,40,85,45,0
1779415919.375,3.62,1600,33,367,58,0,-0.12,-0.5,-3.2,-171,0.002,-0.018,0.996,1.25,-0.50,-2.12,0.0,0.0,0.0,1500,1500,1500,1000,1500,1000,1000,1500,40,40,40,40,40,40,85,45,0
1779415920.978,3.62,1600,33,367,58,0,-0.12,-0.5,-3.2,-171,0.002,-0.018,0.996,1.25,-0.50,-2.12,0.0,0.0,0.0,1500,1500,1500,1000,1500,1000,1000,1500,40,40,40,40,40,40,85,45,0
1779415922.115,3.62,1600,33,367,58,0,-0.12,-0.5,-3.2,-171,0.002,-0.018,0.996,1.25,-0.50,-2.12,0.0,0.0,0.0,1500,1500,1500,1000,1500,1000,1000,1500,40,40,40,40,40,40,85,45,0
1779415923.204,3.62,1600,33,367,58,0,-0.12,-0.5,-3.2,-171,0.002,-0.018,0.996,1.25,-0.50,-2.12,0.0,0.0,0.0,1500,1500,1500,1000,1500,1000,1000,1500,40,40,40,40,40,40,85,45,0
1779415924.304,3.62,1600,33,367,58,0,-0.12,-0.5,-3.2,-171,0.002,-0.018,0.996,1.25,-0.50,-2.12,0.0,0.0,0.0,1500,1500,1500,1000,1500,1000,1000,1500,40,40,40,40,40,40,85,45,0
1779415925.405,3.62,1600,33,367,58,0,-0.12,-0.5,-3.2,-171,0.002,-0.018,0.996,1.25,-0.50,-2.12,0.0,0.0,0.0,1500,1500,1500,1000,1500,1000,1000,1500,40,40,40,40,40,40,85,45,0
1779415926.496,3.62,1600,33,367,58,0,-0.12,-0.5,-3.2,-171,0.002,-0.018,0.996,1.25,-0.50,-2.12,0.0,0.0,0.0,1500,1500,1500,1000,1500,1000,1000,1500,40,40,40,40,40,40,85,45,0
1779415927.637,3.62,1600,33,367,58,0,-0.12,-0.5,-3.2,-171,0.002,-0.018,0.996,1.25,-0.50,-2.12,0.0,0.0,0.0,1500,1500,1500,1000,1500,1000,1000,1500,40,40,40,40,40,40,85,45,0
1779415928.752,3.62,1600,33,367,58,0,-0.12,-0.5,-3.2,-171,0.002,-0.018,0.996,1.25,-0.50,-2.12,0.0,0.0,0.0,1500,1500,1500,1000,1500,1000,1000,1500,40,40,40,40,40,40,85,45,0
1779415929.856,3.62,1600,33,367,58,0,-0.12,-0.5,-3.2,-171,0.002,-0.018,0.996,1.25,-0.50,-2.12,0.0,0.0,0.0,1500,1500,1500,1000,1500,1000,1000,1500,40,40,40,40,40,40,85,45,0
1779415930.954,3.62,1600,33,367,58,0,-0.12,-0.5,-3.2,-171,0.002,-0.018,0.996,1.25,-0.50,-2.12,0.0,0.0,0.0,1500,1500,1500,1000,1500,1000,1000,1500,40,40,40,40,40,40,85,45,0
1779415932.065,3.62,1600,33,367,58,0,-0.12,-0.5,-3.2,-171,0.002,-0.018,0.996,1.25,-0.50,-2.12,0.0,0.0,0.0,1500,1500,1500,1000,1500,1000,1000,1500,40,40,40,40,40,40,85,45,0
1779415933.178,3.62,1600,33,367,58,0,-0.12,-0.5,-3.2,-171,0.002,-0.018,0.996,1.25,-0.50,-2.12,0.0,0.0,0.0,1500,1500,1500,1000,1500,1000,1000,1500,40,40,40,40,40,40,85,45,0
1779415934.291,3.62,1600,33,367,58,0,-0.12,-0.5,-3.2,-171,0.002,-0.018,0.996,1.25,-0.50,-2.12,0.0,0.0,0.0,1500,1500,1500,1000,1500,1000,1000,1500,40,40,40,40,40,40,85,45,0
1779415935.404,3.62,1600,33,367,58,0,-0.12,-0.5,-3.2,-171,0.002,-0.018,0.996,1.25,-0.50,-2.12,0.0,0.0,0.0,1500,1500,1500,1000,1500,1000,1000,1500,40,40,40,40,40,40,85,45,0
1779415936.502,3.62,1600,33,367,58,0,-0.12,-0.5,-3.2,-171,0.002,-0.018,0.996,1.25,-0.50,-2.12,0.0,0.0,0.0,1500,1500,1500,1000,1500,1000,1000,1500,40,40,40,40,40,40,85,45,0
1779415937.608,3.62,1600,33,367,58,0,-0.12,-0.5,-3.2,-171,0.002,-0.018,0.996,1.25,-0.50,-2.12,0.0,0.0,0.0,1500,1500,1500,1000,1500,1000,1000,1500,40,40,40,40,40,40,85,45,0
1779415938.710,3.62,1600,33,367,58,0,-0.12,-0.5,-3.2,-171,0.002,-0.018,0.996,1.25,-0.50,-2.12,0.0,0.0,0.0,1500,1500,1500,1000,1500,1000,1000,1500,40,40,40,40,40,40,85,45,0
1779415939.918,3.62,1600,33,367,58,0,-0.12,-0.5,-3.2,-171,0.002,-0.018,0.996,1.25,-0.50,-2.12,0.0,0.0,0.0,1500,1500,1500,1000,1500,1000,1000,1500,40,40,40,40,40,40,85,45,0
1779415941.073,3.62,1600,33,367,58,0,-0.12,-0.5,-3.2,-171,0.002,-0.018,0.996,1.25,-0.50,-2.12,0.0,0.0,0.0,1500,1500,1500,1000,1500,1000,1000,1500,40,40,40,40,40,40,85,45,0
1779415942.179,3.62,1600,33,367,58,0,-0.12,-0.5,-3.2,-171,0.002,-0.018,0.996,1.25,-0.50,-2.12,0.0,0.0,0.0,1500,1500,1500,1000,1500,1000,1000,1500,40,40,40,40,40,40,85,45,0
1779415943.275,3.62,1600,33,367,58,0,-0.12,-0.5,-3.2,-171,0.002,-0.018,0.996,1.25,-0.50,-2.12,0.0,0.0,0.0,1500,1500,1500,1000,1500,1000,1000,1500,40,40,40,40,40,40,85,45,0
1779415944.375,3.62,1600,33,367,58,0,-0.12,-0.5,-3.2,-171,0.002,-0.018,0.996,1.25,-0.50,-2.12,0.0,0.0,0.0,1500,1500,1500,1000,1500,1000,1000,1500,40,40,40,40,40,40,85,45,0
1779415945.470,3.62,1600,33,367,58,0,-0.12,-0.5,-3.2,-171,0.002,-0.018,0.996,1.25,-0.50,-2.12,0.0,0.0,0.0,1500,1500,1500,1000,1500,1000,1000,1500,40,40,40,40,40,40,85,45,0
1779415946.569,3.62,1600,33,367,58,0,-0.12,-0.5,-3.2,-171,0.002,-0.018,0.996,1.25,-0.50,-2.12,0.0,0.0,0.0,1500,1500,1500,1000,1500,1000,1000,1500,40,40,40,40,40,40,85,45,0
1779415947.670,3.62,1600,33,367,58,0,-0.12,-0.5,-3.2,-171,0.002,-0.018,0.996,1.25,-0.50,-2.12,0.0,0.0,0.0,1500,1500,1500,1000,1500,1000,1000,1500,40,40,40,40,40,40,85,45,0
1779415948.778,3.62,1600,33,367,58,0,-0.12,-0.5,-3.2,-171,0.002,-0.018,0.996,1.25,-0.50,-2.12,0.0,0.0,0.0,1500,1500,1500,1000,1500,1000,1000,1500,40,40,40,40,40,40,85,45,0
1779415949.920,3.62,1600,33,367,58,0,-0.12,-0.5,-3.2,-171,0.002,-0.018,0.996,1.25,-0.50,-2.12,0.0,0.0,0.0,1500,1500,1500,1000,1500,1000,1000,1500,40,40,40,40,40,40,85,45,0
1779415951.043,3.62,1600,33,367,58,0,-0.12,-0.5,-3.2,-171,0.002,-0.018,0.996,1.25,-0.50,-2.12,0.0,0.0,0.0,1500,1500,1500,1000,1500,1000,1000,1500,40,40,40,40,40,40,85,45,0
1779415952.177,3.62,1600,33,367,58,0,-0.12,-0.5,-3.2,-171,0.002,-0.018,0.996,1.25,-0.50,-2.12,0.0,0.0,0.0,1500,1500,1500,1000,1500,1000,1000,1500,40,40,40,40,40,40,85,45,0
1779415953.274,3.62,1600,33,367,58,0,-0.12,-0.5,-3.2,-171,0.002,-0.018,0.996,1.25,-0.50,-2.12,0.0,0.0,0.0,1500,1500,1500,1000,1500,1000,1000,1500,40,40,40,40,40,40,85,45,0
1779415954.342,3.62,1600,33,367,58,0,-0.12,-0.5,-3.2,-171,0.002,-0.018,0.996,1.25,-0.50,-2.12,0.0,0.0,0.0,1500,1500,1500,1000,1500,1000,1000,1500,40,40,40,40,40,40,85,45,0
1779415955.419,3.62,1600,33,367,58,0,-0.12,-0.5,-3.2,-171,0.002,-0.018,0.996,1.25,-0.50,-2.12,0.0,0.0,0.0,1500,1500,1500,1000,1500,1000,1000,1500,40,40,40,40,40,40,85,45,0
1779415956.488,3.62,1600,33,367,58,0,-0.12,-0.5,-3.2,-171,0.002,-0.018,0.996,1.25,-0.50,-2.12,0.0,0.0,0.0,1500,1500,1500,1000,1500,1000,1000,1500,40,40,40,40,40,40,85,45,0
1779415957.558,3.62,1600,33,367,58,0,-0.12,-0.5,-3.2,-171,0.002,-0.018,0.996,1.25,-0.50,-2.12,0.0,0.0,0.0,1500,1500,1500,1000,1500,1000,1000,1500,40,40,40,40,40,40,85,45,0
1779415958.625,3.62,1600,33,367,58,0,-0.12,-0.5,-3.2,-171,0.002,-0.018,0.996,1.25,-0.50,-2.12,0.0,0.0,0.0,1500,1500,1500,1000,1500,1000,1000,1500,40,40,40,40,40,40,85,45,0
1779415959.692,3.62,1600,33,367,58,0,-0.12,-0.5,-3.2,-171,0.002,-0.018,0.996,1.25,-0.50,-2.12,0.0,0.0,0.0,1500,1500,1500,1000,1500,1000,1000,1500,40,40,40,40,40,40,85,45,0
1779415960.766,3.62,1600,33,367,58,0,-0.12,-0.5,-3.2,-171,0.002,-0.018,0.996,1.25,-0.50,-2.12,0.0,0.0,0.0,1500,1500,1500,1000,1500,1000,1000,1500,40,40,40,40,40,40,85,45,0
1779415961.835,3.62,1600,33,367,58,0,-0.12,-0.5,-3.2,-171,0.002,-0.018,0.996,1.25,-0.50,-2.12,0.0,0.0,0.0,1500,1500,1500,1000,1500,1000,1000,1500,40,40,40,40,40,40,85,45,0
1779415962.917,3.62,1600,33,367,58,0,-0.12,-0.5,-3.2,-171,0.002,-0.018,0.996,1.25,-0.50,-2.12,0.0,0.0,0.0,1500,1500,1500,1000,1500,1000,1000,1500,40,40,40,40,40,40,85,45,0
1779415963.998,3.62,1600,33,367,58,0,-0.12,-0.5,-3.2,-171,0.002,-0.018,0.996,1.25,-0.50,-2.12,0.0,0.0,0.0,1500,1500,1500,1000,1500,1000,1000,1500,40,40,40,40,40,40,85,45,0
1779415965.068,3.62,1600,33,367,58,0,-0.12,-0.5,-3.2,-171,0.002,-0.018,0.996,1.25,-0.50,-2.12,0.0,0.0,0.0,1500,1500,1500,1000,1500,1000,1000,1500,40,40,40,40,40,40,85,45,0
1779415966.143,3.62,1600,33,367,58,0,-0.12,-0.5,-3.2,-171,0.002,-0.018,0.996,1.25,-0.50,-2.12,0.0,0.0,0.0,1500,1500,1500,1000,1500,1000,1000,1500,40,40,40,40,40,40,85,45,0
1779415967.233,3.62,1600,33,367,58,0,-0.12,-0.5,-3.2,-171,0.002,-0.018,0.996,1.25,-0.50,-2.12,0.0,0.0,0.0,1500,1500,1500,1000,1500,1000,1000,1500,40,40,40,40,40,40,85,45,0
1779415968.326,3.62,1600,33,367,58,0,-0.12,-0.5,-3.2,-171,0.002,-0.018,0.996,1.25,-0.50,-2.12,0.0,0.0,0.0,1500,1500,1500,1000,1500,1000,1000,1500,40,40,40,40,40,40,85,45,0
1779415969.403,3.62,1600,33,367,58,0,-0.12,-0.5,-3.2,-171,0.002,-0.018,0.996,1.25,-0.50,-2.12,0.0,0.0,0.0,1500,1500,1500,1000,1500,1000,1000,1500,40,40,40,40,40,40,85,45,0
1779415970.490,3.62,1600,33,367,58,0,-0.12,-0.5,-3.2,-171,0.002,-0.018,0.996,1.25,-0.50,-2.12,0.0,0.0,0.0,1500,1500,1500,1000,1500,1000,1000,1500,40,40,40,40,40,40,85,45,0
1779415971.618,3.62,1600,33,367,58,0,-0.12,-0.5,-3.2,-171,0.002,-0.018,0.996,1.25,-0.50,-2.12,0.0,0.0,0.0,1500,1500,1500,1000,1500,1000,1000,1500,40,40,40,40,40,40,85,45,0
1779415972.726,3.62,1600,33,367,58,0,-0.12,-0.5,-3.2,-171,0.002,-0.018,0.996,1.25,-0.50,-2.12,0.0,0.0,0.0,1500,1500,1500,1000,1500,1000,1000,1500,40,40,40,40,40,40,85,45,0
1779415973.842,3.62,1600,33,367,58,0,-0.12,-0.5,-3.2,-171,0.002,-0.018,0.996,1.25,-0.50,-2.12,0.0,0.0,0.0,1500,1500,1500,1000,1500,1000,1000,1500,40,40,40,40,40,40,85,45,0
1779415974.990,3.62,1600,33,367,58,0,-0.12,-0.5,-3.2,-171,0.002,-0.018,0.996,1.25,-0.50,-2.12,0.0,0.0,0.0,1500,1500,1500,1000,1500,1000,1000,1500,40,40,40,40,40,40,85,45,0
1779415976.203,3.62,1600,33,367,58,0,-0.12,-0.5,-3.2,-171,0.002,-0.018,0.996,1.25,-0.50,-2.12,0.0,0.0,0.0,1500,1500,1500,1000,1500,1000,1000,1500,40,40,40,40,40,40,85,45,0
1779415977.320,3.62,1600,33,367,58,0,-0.12,-0.5,-3.2,-171,0.002,-0.018,0.996,1.25,-0.50,-2.12,0.0,0.0,0.0,1500,1500,1500,1000,1500,1000,1000,1500,40,40,40,40,40,40,85,45,0
1779415978.415,3.62,1600,33,367,58,0,-0.12,-0.5,-3.2,-171,0.002,-0.018,0.996,1.25,-0.50,-2.12,0.0,0.0,0.0,1500,1500,1500,1000,1500,1000,1000,1500,40,40,40,40,40,40,85,45,0
1779415979.548,3.62,1600,33,367,58,0,-0.12,-0.5,-3.2,-171,0.002,-0.018,0.996,1.25,-0.50,-2.12,0.0,0.0,0.0,1500,1500,1500,1000,1500,1000,1000,1500,40,40,40,40,40,40,85,45,0
1779415980.653,3.62,1600,33,367,58,0,-0.12,-0.5,-3.2,-171,0.002,-0.018,0.996,1.25,-0.50,-2.12,0.0,0.0,0.0,1500,1500,1500,1000,1500,1000,1000,1500,40,40,40,40,40,40,85,45,0
1779415981.742,3.62,1600,33,367,58,0,-0.12,-0.5,-3.2,-171,0.002,-0.018,0.996,1.25,-0.50,-2.12,0.0,0.0,0.0,1500,1500,1500,1000,1500,1000,1000,1500,40,40,40,40,40,40,85,45,0
1779415982.901,3.62,1600,33,367,58,0,-0.12,-0.5,-3.2,-171,0.002,-0.018,0.996,1.25,-0.50,-2.12,0.0,0.0,0.0,1500,1500,1500,1000,1500,1000,1000,1500,40,40,40,40,40,40,85,45,0
1779415984.171,3.62,1600,33,367,58,0,-0.12,-0.5,-3.2,-171,0.002,-0.018,0.996,1.25,-0.50,-2.12,0.0,0.0,0.0,1500,1500,1500,1000,1500,1000,1000,1500,40,40,40,40,40,40,85,45,0
1779415985.379,3.62,1600,33,367,58,0,-0.12,-0.5,-3.2,-171,0.002,-0.018,0.996,1.25,-0.50,-2.12,0.0,0.0,0.0,1500,1500,1500,1000,1500,1000,1000,1500,40,40,40,40,40,40,85,45,0
1779415986.594,3.62,1600,33,367,58,0,-0.12,-0.5,-3.2,-171,0.002,-0.018,0.996,1.25,-0.50,-2.12,0.0,0.0,0.0,1500,1500,1500,1000,1500,1000,1000,1500,40,40,40,40,40,40,85,45,0
1779415987.751,3.62,1600,33,367,58,0,-0.12,-0.5,-3.2,-171,0.002,-0.018,0.996,1.25,-0.50,-2.12,0.0,0.0,0.0,1500,1500,1500,1000,1500,1000,1000,1500,40,40,40,40,40,40,85,45,0
1779415988.852,3.62,1600,33,367,58,0,-0.12,-0.5,-3.2,-171,0.002,-0.018,0.996,1.25,-0.50,-2.12,0.0,0.0,0.0,1500,1500,1500,1000,1500,1000,1000,1500,40,40,40,40,40,40,85,45,0
1779415989.993,3.62,1600,33,367,58,0,-0.12,-0.5,-3.2,-171,0.002,-0.018,0.996,1.25,-0.50,-2.12,0.0,0.0,0.0,1500,1500,1500,1000,1500,1000,1000,1500,40,40,40,40,40,40,85,45,0
1779415991.114,3.62,1600,33,367,58,0,-0.12,-0.5,-3.2,-171,0.002,-0.018,0.996,1.25,-0.50,-2.12,0.0,0.0,0.0,1500,1500,1500,1000,1500,1000,1000,1500,40,40,40,40,40,40,85,45,0
1779415992.193,3.62,1600,33,367,58,0,-0.12,-0.5,-3.2,-171,0.002,-0.018,0.996,1.25,-0.50,-2.12,0.0,0.0,0.0,1500,1500,1500,1000,1500,1000,1000,1500,40,40,40,40,40,40,85,45,0
1779415993.272,3.62,1600,33,367,58,0,-0.12,-0.5,-3.2,-171,0.002,-0.018,0.996,1.25,-0.50,-2.12,0.0,0.0,0.0,1500,1500,1500,1000,1500,1000,1000,1500,40,40,40,40,40,40,85,45,0
1779415994.376,3.62,1600,33,367,58,0,-0.12,-0.5,-3.2,-171,0.002,-0.018,0.996,1.25,-0.50,-2.12,0.0,0.0,0.0,1500,1500,1500,1000,1500,1000,1000,1500,40,40,40,40,40,40,85,45,0
1779415995.481,3.62,1600,33,367,58,0,-0.12,-0.5,-3.2,-171,0.002,-0.018,0.996,1.25,-0.50,-2.12,0.0,0.0,0.0,1500,1500,1500,1000,1500,1000,1000,1500,40,40,40,40,40,40,85,45,0
1779415996.567,3.62,1600,33,367,58,0,-0.12,-0.5,-3.2,-171,0.002,-0.018,0.996,1.25,-0.50,-2.12,0.0,0.0,0.0,1500,1500,1500,1000,1500,1000,1000,1500,40,40,40,40,40,40,85,45,0
1779415997.669,3.62,1600,33,367,58,0,-0.12,-0.5,-3.2,-171,0.002,-0.018,0.996,1.25,-0.50,-2.12,0.0,0.0,0.0,1500,1500,1500,1000,1500,1000,1000,1500,40,40,40,40,40,40,85,45,0
1779415998.766,3.62,1600,33,367,58,0,-0.12,-0.5,-3.2,-171,0.002,-0.018,0.996,1.25,-0.50,-2.12,0.0,0.0,0.0,1500,1500,1500,1000,1500,1000,1000,1500,40,40,40,40,40,40,85,45,0
1779415999.844,3.62,1600,33,367,58,0,-0.12,-0.5,-3.2,-171,0.002,-0.018,0.996,1.25,-0.50,-2.12,0.0,0.0,0.0,1500,1500,1500,1000,1500,1000,1000,1500,40,40,40,40,40,40,85,45,0
1779416000.926,3.62,1600,33,367,58,0,-0.12,-0.5,-3.2,-171,0.002,-0.018,0.996,1.25,-0.50,-2.12,0.0,0.0,0.0,1500,1500,1500,1000,1500,1000,1000,1500,40,40,40,40,40,40,85,45,0
1779416002.064,3.62,1600,33,367,58,0,-0.12,-0.5,-3.2,-171,0.002,-0.018,0.996,1.25,-0.50,-2.12,0.0,0.0,0.0,1500,1500,1500,1000,1500,1000,1000,1500,40,40,40,40,40,40,85,45,0
1779416003.200,3.62,1600,33,367,58,0,-0.12,-0.5,-3.2,-171,0.002,-0.018,0.996,1.25,-0.50,-2.12,0.0,0.0,0.0,1500,1500,1500,1000,1500,1000,1000,1500,40,40,40,40,40,40,85,45,0
1779416004.334,3.62,1600,33,367,58,0,-0.12,-0.5,-3.2,-171,0.002,-0.018,0.996,1.25,-0.50,-2.12,0.0,0.0,0.0,1500,1500,1500,1000,1500,1000,1000,1500,40,40,40,40,40,40,85,45,0
1779416005.436,3.62,1600,33,367,58,0,-0.12,-0.5,-3.2,-171,0.002,-0.018,0.996,1.25,-0.50,-2.12,0.0,0.0,0.0,1500,1500,1500,1000,1500,1000,1000,1500,40,40,40,40,40,40,85,45,0
1779416006.533,3.62,1600,33,367,58,0,-0.12,-0.5,-3.2,-171,0.002,-0.018,0.996,1.25,-0.50,-2.12,0.0,0.0,0.0,1500,1500,1500,1300,1500,1000,1000,1200,40,40,40,40,40,40,85,45,0
1779416007.608,3.62,1600,33,367,58,0,-0.12,-0.5,-3.2,-171,0.002,-0.018,0.996,1.25,-0.50,-2.12,0.0,0.0,0.0,1500,1500,1500,1300,1500,1000,1000,1200,40,40,40,40,40,40,85,45,0
1779416008.679,3.62,1600,33,367,58,0,-0.12,-0.5,-3.2,-171,0.002,-0.018,0.996,1.25,-0.50,-2.12,0.0,0.0,0.0,1500,1500,1500,1300,1500,1000,1000,1200,40,40,40,40,40,40,85,45,0
1779416009.750,3.62,1600,33,367,58,0,-0.12,-0.5,-3.2,-171,0.002,-0.018,0.996,1.25,-0.50,-2.12,0.0,0.0,0.0,1500,1500,1500,1300,1500,1000,1000,1200,40,40,40,40,40,40,85,45,0
1779416010.814,3.62,1600,33,367,58,0,-0.12,-0.5,-3.2,-171,0.002,-0.018,0.996,1.25,-0.50,-2.12,0.0,0.0,0.0,1500,1500,1500,1300,1500,1000,1000,1200,40,40,40,40,40,40,85,45,0
1779416011.887,3.62,1600,33,367,58,0,-0.12,-0.5,-3.2,-171,0.002,-0.018,0.996,1.25,-0.50,-2.12,0.0,0.0,0.0,1500,1500,1500,1300,1500,1000,1000,1200,40,40,40,40,40,40,85,45,0
1779416012.972,3.62,1600,33,367,58,0,-0.12,-0.5,-3.2,-171,0.002,-0.018,0.996,1.25,-0.50,-2.12,0.0,0.0,0.0,1500,1500,1500,1800,1500,1000,1000,1500,40,40,40,40,40,40,85,45,0
1779416014.053,3.62,1600,33,367,58,0,-0.12,-0.5,-3.2,-171,0.002,-0.018,0.996,1.25,-0.50,-2.12,0.0,0.0,0.0,1500,1500,1500,1300,1500,1000,1000,1200,40,40,40,40,40,40,85,45,0
1779416015.124,3.62,1600,33,367,58,0,-0.12,-0.5,-3.2,-171,0.002,-0.018,0.996,1.25,-0.50,-2.12,0.0,0.0,0.0,1500,1500,1500,1800,1500,1000,1000,1500,40,40,40,40,40,40,85,45,0
1779416016.200,3.62,1600,33,367,58,0,-0.12,-0.5,-3.2,-171,0.002,-0.018,0.996,1.25,-0.50,-2.12,0.0,0.0,0.0,1500,1500,1500,1800,1500,1000,1000,1500,40,40,40,40,40,40,85,45,0
1779416017.297,3.62,1600,33,367,58,0,-0.12,-0.5,-3.2,-171,0.002,-0.018,0.996,1.25,-0.50,-2.12,0.0,0.0,0.0,1500,1500,1500,1000,1500,1000,1000,1500,40,40,40,40,40,40,85,45,0
1779416018.379,3.62,1600,33,367,58,0,-0.12,-0.5,-3.2,-171,0.002,-0.018,0.996,1.25,-0.50,-2.12,0.0,0.0,0.0,1500,1500,1500,1000,1500,1000,1000,1500,40,40,40,40,40,40,85,45,0
1779416019.462,3.62,1600,33,367,58,0,-0.12,-0.5,-3.2,-171,0.002,-0.018,0.996,1.25,-0.50,-2.12,0.0,0.0,0.0,1500,1500,1500,1000,1500,1000,1000,1500,40,40,40,40,40,40,85,45,0
1779416020.533,3.62,1600,33,367,58,0,-0.12,-0.5,-3.2,-171,0.002,-0.018,0.996,1.25,-0.50,-2.12,0.0,0.0,0.0,1500,1500,1500,1000,1500,1000,1000,1500,40,40,40,40,40,40,85,45,0
1779416021.599,3.62,1600,33,367,58,0,-0.12,-0.5,-3.2,-171,0.002,-0.018,0.996,1.25,-0.50,-2.12,0.0,0.0,0.0,1500,1500,1500,1000,1500,1000,1000,1500,40,40,40,40,40,40,85,45,0
1779416022.670,3.62,1600,33,367,58,0,-0.12,-0.5,-3.2,-171,0.002,-0.018,0.996,1.25,-0.50,-2.12,0.0,0.0,0.0,1500,1500,1500,1000,1500,1000,1000,1500,40,40,40,40,40,40,85,45,0
1779416023.759,3.62,1600,33,367,58,0,-0.12,-0.5,-3.2,-171,0.002,-0.018,0.996,1.25,-0.50,-2.12,0.0,0.0,0.0,1500,1500,1500,1000,1500,1000,1000,1500,40,40,40,40,40,40,85,45,0
1779416024.837,3.62,1600,33,367,58,0,-0.12,-0.5,-3.2,-171,0.002,-0.018,0.996,1.25,-0.50,-2.12,0.0,0.0,0.0,1500,1500,1500,1000,1500,1000,1000,1500,40,40,40,40,40,40,85,45,0
1779416025.914,3.62,1600,33,367,58,0,-0.12,-0.5,-3.2,-171,0.002,-0.018,0.996,1.25,-0.50,-2.12,0.0,0.0,0.0,1500,1500,1500,1000,1500,1000,1000,1500,40,40,40,40,40,40,85,45,0
1779416027.000,3.62,1600,33,367,58,0,-0.12,-0.5,-3.2,-171,0.002,-0.018,0.996,1.25,-0.50,-2.12,0.0,0.0,0.0,1500,1500,1500,1000,1500,1000,1000,1500,40,40,40,40,40,40,85,45,0
1779416028.093,3.62,1600,33,367,58,0,-0.12,-0.5,-3.2,-171,0.002,-0.018,0.996,1.25,-0.50,-2.12,0.0,0.0,0.0,1500,1500,1500,1000,1500,1000,1000,1500,40,40,40,40,40,40,85,45,0
1779416029.181,3.62,1600,33,367,58,0,-0.12,-0.5,-3.2,-171,0.002,-0.018,0.996,1.25,-0.50,-2.12,0.0,0.0,0.0,1500,1500,1500,1000,1500,1000,1000,1500,40,40,40,40,40,40,85,45,0
1779416030.263,3.62,1600,33,367,58,0,-0.12,-0.5,-3.2,-171,0.002,-0.018,0.996,1.25,-0.50,-2.12,0.0,0.0,0.0,1500,1500,1500,1000,1500,1000,1000,1500,40,40,40,40,40,40,85,45,0
1779416031.362,3.62,1600,33,367,58,0,-0.12,-0.5,-3.2,-171,0.002,-0.018,0.996,1.25,-0.50,-2.12,0.0,0.0,0.0,1500,1500,1500,1000,1500,1000,1000,1500,40,40,40,40,40,40,85,45,0
1779416032.503,3.62,1600,33,367,58,0,-0.12,-0.5,-3.2,-171,0.002,-0.018,0.996,1.25,-0.50,-2.12,0.0,0.0,0.0,1500,1500,1500,1000,1500,1000,1000,1500,40,40,40,40,40,40,85,45,0
1779416033.679,3.62,1600,33,367,58,0,-0.12,-0.5,-3.2,-171,0.002,-0.018,0.996,1.25,-0.50,-2.12,0.0,0.0,0.0,1500,1500,1500,1000,1500,1000,1000,1500,40,40,40,40,40,40,85,45,0
1779416034.850,3.62,1600,33,367,58,0,-0.12,-0.5,-3.2,-171,0.002,-0.018,0.996,1.25,-0.50,-2.12,0.0,0.0,0.0,1500,1500,1500,1000,1500,1000,1000,1500,40,40,40,40,40,40,85,45,0
1779416035.950,3.62,1600,33,367,58,0,-0.12,-0.5,-3.2,-171,0.002,-0.018,0.996,1.25,-0.50,-2.12,0.0,0.0,0.0,1500,1500,1500,1000,1500,1000,1000,1500,40,40,40,40,40,40,85,45,0
1779416037.100,3.62,1600,33,367,58,0,-0.12,-0.5,-3.2,-171,0.002,-0.018,0.996,1.25,-0.50,-2.12,0.0,0.0,0.0,1500,1500,1500,1000,1500,1000,1000,1500,40,40,40,40,40,40,85,45,0
1779416038.224,3.62,1600,33,367,58,0,-0.12,-0.5,-3.2,-171,0.002,-0.018,0.996,1.25,-0.50,-2.12,0.0,0.0,0.0,1500,1500,1500,1000,1500,1000,1000,1500,40,40,40,40,40,40,85,45,0
1779416039.335,3.62,1600,33,367,58,0,-0.12,-0.5,-3.2,-171,0.002,-0.018,0.996,1.25,-0.50,-2.12,0.0,0.0,0.0,1500,1500,1500,1000,1500,1000,1000,1500,40,40,40,40,40,40,85,45,0
1779416040.433,3.62,1600,33,367,58,0,-0.12,-0.5,-3.2,-171,0.002,-0.018,0.996,1.25,-0.50,-2.12,0.0,0.0,0.0,1500,1500,1500,1000,1500,1000,1000,1500,40,40,40,40,40,40,85,45,0
1779416041.531,3.62,1600,33,367,58,0,-0.12,-0.5,-3.2,-171,0.002,-0.018,0.996,1.25,-0.50,-2.12,0.0,0.0,0.0,1500,1500,1500,1000,1500,1000,1000,1500,40,40,40,40,40,40,85,45,0
1779416042.637,3.62,1600,33,367,58,0,-0.12,-0.5,-3.2,-171,0.002,-0.018,0.996,1.25,-0.50,-2.12,0.0,0.0,0.0,1500,1500,1500,1000,1500,1000,1000,1500,40,40,40,40,40,40,85,45,0
1779416043.729,3.62,1600,33,367,58,0,-0.12,-0.5,-3.2,-171,0.002,-0.018,0.996,1.25,-0.50,-2.12,0.0,0.0,0.0,1500,1500,1500,1300,1500,1000,1000,1200,40,40,40,40,40,40,85,45,0
1779416044.815,3.62,1600,33,367,58,0,-0.12,-0.5,-3.2,-171,0.002,-0.018,0.996,1.25,-0.50,-2.12,0.0,0.0,0.0,1500,1500,1500,1000,1500,1000,1000,1500,40,40,40,40,40,40,85,45,0
1779416045.908,3.62,1600,33,367,58,0,-0.12,-0.5,-3.2,-171,0.002,-0.018,0.996,1.25,-0.50,-2.12,0.0,0.0,0.0,1500,1500,1500,1300,1500,1000,1000,1200,40,40,40,40,40,40,85,45,0
1779416047.020,3.62,1600,33,367,58,0,-0.12,-0.5,-3.2,-171,0.002,-0.018,0.996,1.25,-0.50,-2.12,0.0,0.0,0.0,1500,1500,1500,1300,1500,1000,1000,1200,40,40,40,40,40,40,85,45,0
1779416048.118,3.62,1600,33,367,58,0,-0.12,-0.5,-3.2,-171,0.002,-0.018,0.996,1.25,-0.50,-2.12,0.0,0.0,0.0,1500,1500,1500,1000,1500,1000,1000,1500,40,40,40,40,40,40,85,45,0
1779416049.214,3.62,1600,33,367,58,0,-0.12,-0.5,-3.2,-171,0.002,-0.018,0.996,1.25,-0.50,-2.12,0.0,0.0,0.0,1500,1500,1500,1000,1500,1000,1000,1500,40,40,40,40,40,40,85,45,0
1779416050.294,3.62,1600,33,367,58,0,-0.12,-0.5,-3.2,-171,0.002,-0.018,0.996,1.25,-0.50,-2.12,0.0,0.0,0.0,1500,1500,1500,1000,1500,1000,1000,1500,40,40,40,40,40,40,85,45,0
1779416051.371,3.62,1600,33,367,58,0,-0.12,-0.5,-3.2,-171,0.002,-0.018,0.996,1.25,-0.50,-2.12,0.0,0.0,0.0,1500,1500,1500,1000,1500,1000,1000,1500,40,40,40,40,40,40,85,45,0
1779416052.448,3.62,1600,33,367,58,0,-0.12,-0.5,-3.2,-171,0.002,-0.018,0.996,1.25,-0.50,-2.12,0.0,0.0,0.0,1500,1500,1500,1000,1500,1000,1000,1500,40,40,40,40,40,40,85,45,0
1779416053.521,3.62,1600,33,367,58,0,-0.12,-0.5,-3.2,-171,0.002,-0.018,0.996,1.25,-0.50,-2.12,0.0,0.0,0.0,1500,1500,1500,1000,1500,1000,1000,1500,40,40,40,40,40,40,85,45,0
1779416054.607,3.62,1600,33,367,58,0,-0.12,-0.5,-3.2,-171,0.002,-0.018,0.996,1.25,-0.50,-2.12,0.0,0.0,0.0,1500,1500,1500,1000,1500,1000,1000,1500,40,40,40,40,40,40,85,45,0
1779416055.691,3.62,1600,33,367,58,0,-0.12,-0.5,-3.2,-171,0.002,-0.018,0.996,1.25,-0.50,-2.12,0.0,0.0,0.0,1500,1500,1500,1000,1500,1000,1000,1500,40,40,40,40,40,40,85,45,0
1779416056.769,3.62,1600,33,367,58,0,-0.12,-0.5,-3.2,-171,0.002,-0.018,0.996,1.25,-0.50,-2.12,0.0,0.0,0.0,1500,1500,1500,1000,1500,1000,1000,1500,40,40,40,40,40,40,85,45,0
1779416057.843,3.62,1600,33,367,58,0,-0.12,-0.5,-3.2,-171,0.002,-0.018,0.996,1.25,-0.50,-2.12,0.0,0.0,0.0,1500,1500,1500,1000,1500,1000,1000,1500,40,40,40,40,40,40,85,45,0
1779416058.922,3.62,1600,33,367,58,0,-0.12,-0.5,-3.2,-171,0.002,-0.018,0.996,1.25,-0.50,-2.12,0.0,0.0,0.0,1500,1500,1500,1000,1500,1000,1000,1500,40,40,40,40,40,40,85,45,0
1779416060.043,3.62,1600,33,367,58,0,-0.12,-0.5,-3.2,-171,0.002,-0.018,0.996,1.25,-0.50,-2.12,0.0,0.0,0.0,1500,1500,1500,1000,1500,1000,1000,1500,40,40,40,40,40,40,85,45,0
1779416061.181,3.62,1600,33,367,58,0,-0.12,-0.5,-3.2,-171,0.002,-0.018,0.996,1.25,-0.50,-2.12,0.0,0.0,0.0,1500,1500,1500,1000,1500,1000,1000,1500,40,40,40,40,40,40,85,45,0
1779416062.310,3.62,1600,33,367,58,0,-0.12,-0.5,-3.2,-171,0.002,-0.018,0.996,1.25,-0.50,-2.12,0.0,0.0,0.0,1500,1500,1500,1000,1500,1000,1000,1500,40,40,40,40,40,40,85,45,0
1779416063.393,3.62,1600,33,367,58,0,-0.12,-0.5,-3.2,-171,0.002,-0.018,0.996,1.25,-0.50,-2.12,0.0,0.0,0.0,1500,1500,1500,1000,1500,1000,1000,1500,40,40,40,40,40,40,85,45,0
1779416064.478,3.62,1600,33,367,58,0,-0.12,-0.5,-3.2,-171,0.002,-0.018,0.996,1.25,-0.50,-2.12,0.0,0.0,0.0,1500,1500,1500,1000,1500,1000,1000,1500,40,40,40,40,40,40,85,45,0
1779416065.554,3.62,1600,33,367,58,0,-0.12,-0.5,-3.2,-171,0.002,-0.018,0.996,1.25,-0.50,-2.12,0.0,0.0,0.0,1500,1500,1500,1000,1500,1000,1000,1500,40,40,40,40,40,40,85,45,0
1779416066.633,3.62,1600,33,367,58,0,-0.12,-0.5,-3.2,-171,0.002,-0.018,0.996,1.25,-0.50,-2.12,0.0,0.0,0.0,1500,1500,1500,1000,1500,1000,1000,1500,40,40,40,40,40,40,85,45,0
1779416067.732,3.62,1600,33,367,58,0,-0.12,-0.5,-3.2,-171,0.002,-0.018,0.996,1.25,-0.50,-2.12,0.0,0.0,0.0,1500,1500,1500,1000,1500,1000,1000,1500,40,40,40,40,40,40,85,45,0
1779416068.812,3.62,1600,33,367,58,0,-0.12,-0.5,-3.2,-171,0.002,-0.018,0.996,1.25,-0.50,-2.12,0.0,0.0,0.0,1500,1500,1500,1000,1500,1000,1000,1500,40,40,40,40,40,40,85,45,0
1779416069.913,3.62,1600,33,367,58,0,-0.12,-0.5,-3.2,-171,0.002,-0.018,0.996,1.25,-0.50,-2.12,0.0,0.0,0.0,1500,1500,1500,1000,1500,1000,1000,1500,40,40,40,40,40,40,85,45,0
1779416071.009,3.62,1600,33,367,58,0,-0.12,-0.5,-3.2,-171,0.002,-0.018,0.996,1.25,-0.50,-2.12,0.0,0.0,0.0,1500,1500,1500,1000,1500,1000,1000,1500,40,40,40,40,40,40,85,45,0
1779416072.088,3.62,1600,33,367,58,0,-0.12,-0.5,-3.2,-171,0.002,-0.018,0.996,1.25,-0.50,-2.12,0.0,0.0,0.0,1500,1500,1500,1000,1500,1000,1000,1500,40,40,40,40,40,40,85,45,0
1779416073.181,3.62,1600,33,367,58,0,-0.12,-0.5,-3.2,-171,0.002,-0.018,0.996,1.25,-0.50,-2.12,0.0,0.0,0.0,1500,1500,1500,1000,1500,1000,1000,1500,40,40,40,40,40,40,85,45,0
1779416074.289,3.62,1600,33,367,58,0,-0.12,-0.5,-3.2,-171,0.002,-0.018,0.996,1.25,-0.50,-2.12,0.0,0.0,0.0,1500,1500,1500,1000,1500,1000,1000,1500,40,40,40,40,40,40,85,45,0
1779416075.458,3.62,1600,33,367,58,0,-0.12,-0.5,-3.2,-171,0.002,-0.018,0.996,1.25,-0.50,-2.12,0.0,0.0,0.0,1500,1500,1500,1000,1500,1000,1000,1500,40,40,40,40,40,40,85,45,0
1779416076.600,3.62,1600,33,367,58,0,-0.12,-0.5,-3.2,-171,0.002,-0.018,0.996,1.25,-0.50,-2.12,0.0,0.0,0.0,1500,1500,1500,1000,1500,1000,1000,1500,40,40,40,40,40,40,85,45,0
1779416077.709,3.62,1600,33,367,58,0,-0.12,-0.5,-3.2,-171,0.002,-0.018,0.996,1.25,-0.50,-2.12,0.0,0.0,0.0,1500,1500,1500,1000,1500,1000,1000,1500,40,40,40,40,40,40,85,45,0
1779416078.831,3.62,1600,33,367,58,0,-0.12,-0.5,-3.2,-171,0.002,-0.018,0.996,1.25,-0.50,-2.12,0.0,0.0,0.0,1500,1500,1500,1000,1500,1000,1000,1500,40,40,40,40,40,40,85,45,0
1779416080.055,3.62,1600,33,367,58,0,-0.12,-0.5,-3.2,-171,0.002,-0.018,0.996,1.25,-0.50,-2.12,0.0,0.0,0.0,1500,1500,1500,1000,1500,1000,1000,1500,40,40,40,40,40,40,85,45,0
1779416081.250,3.62,1600,33,367,58,0,-0.12,-0.5,-3.2,-171,0.002,-0.018,0.996,1.25,-0.50,-2.12,0.0,0.0,0.0,1500,1500,1500,1000,1500,1000,1000,1500,40,40,40,40,40,40,85,45,0
1779416082.483,3.62,1600,33,367,58,0,-0.12,-0.5,-3.2,-171,0.002,-0.018,0.996,1.25,-0.50,-2.12,0.0,0.0,0.0,1500,1500,1500,1000,1500,1000,1000,1500,40,40,40,40,40,40,85,45,0
1779416083.703,3.62,1600,33,367,58,0,-0.12,-0.5,-3.2,-171,0.002,-0.018,0.996,1.25,-0.50,-2.12,0.0,0.0,0.0,1500,1500,1500,1000,1500,1000,1000,1500,40,40,40,40,40,40,85,45,0
1779416084.879,3.62,1600,33,367,58,0,-0.12,-0.5,-3.2,-171,0.002,-0.018,0.996,1.25,-0.50,-2.12,0.0,0.0,0.0,1500,1500,1500,1000,1500,1000,1000,1500,40,40,40,40,40,40,85,45,0
1779416086.005,3.62,1600,33,367,58,0,-0.12,-0.5,-3.2,-171,0.002,-0.018,0.996,1.25,-0.50,-2.12,0.0,0.0,0.0,1500,1500,1500,1000,1500,1000,1000,1500,40,40,40,40,40,40,85,45,0
1779416087.143,3.62,1600,33,367,58,0,-0.12,-0.5,-3.2,-171,0.002,-0.018,0.996,1.25,-0.50,-2.12,0.0,0.0,0.0,1500,1500,1500,1000,1500,1000,1000,1500,40,40,40,40,40,40,85,45,0
1779416088.270,3.62,1600,33,367,58,0,-0.12,-0.5,-3.2,-171,0.002,-0.018,0.996,1.25,-0.50,-2.12,0.0,0.0,0.0,1500,1500,1500,1000,1500,1000,1000,1500,40,40,40,40,40,40,85,45,0
1779416089.399,3.62,1600,33,367,58,0,-0.12,-0.5,-3.2,-171,0.002,-0.018,0.996,1.25,-0.50,-2.12,0.0,0.0,0.0,1500,1500,1500,1000,1500,1000,1000,1500,40,40,40,40,40,40,85,45,0
1779416090.537,3.62,1600,33,367,58,0,-0.12,-0.5,-3.2,-171,0.002,-0.018,0.996,1.25,-0.50,-2.12,0.0,0.0,0.0,1500,1500,1500,1000,1500,1000,1000,1500,40,40,40,40,40,40,85,45,0
1779416091.654,3.62,1600,33,367,58,0,-0.12,-0.5,-3.2,-171,0.002,-0.018,0.996,1.25,-0.50,-2.12,0.0,0.0,0.0,1500,1500,1500,1000,1500,1000,1000,1500,40,40,40,40,40,40,85,45,0
1779416092.763,3.62,1600,33,367,58,0,-0.12,-0.5,-3.2,-171,0.002,-0.018,0.996,1.25,-0.50,-2.12,0.0,0.0,0.0,1500,1500,1500,1000,1500,1000,1000,1500,40,40,40,40,40,40,85,45,0
1779416093.862,3.62,1600,33,367,58,0,-0.12,-0.5,-3.2,-171,0.002,-0.018,0.996,1.25,-0.50,-2.12,0.0,0.0,0.0,1500,1500,1500,1000,1500,1000,1000,1500,40,40,40,40,40,40,85,45,0
1779416094.968,3.62,1600,33,367,58,0,-0.12,-0.5,-3.2,-171,0.002,-0.018,0.996,1.25,-0.50,-2.12,0.0,0.0,0.0,1500,1500,1500,1000,1500,1000,1000,1500,40,40,40,40,40,40,85,45,0
1779416096.092,3.62,1600,33,367,58,0,-0.12,-0.5,-3.2,-171,0.002,-0.018,0.996,1.25,-0.50,-2.12,0.0,0.0,0.0,1500,1500,1500,1000,1500,1000,1000,1500,40,40,40,40,40,40,85,45,0
1779416097.212,3.62,1600,33,367,58,0,-0.12,-0.5,-3.2,-171,0.002,-0.018,0.996,1.25,-0.50,-2.12,0.0,0.0,0.0,1500,1500,1500,1000,1500,1000,1000,1500,40,40,40,40,40,40,85,45,0
1779416098.342,3.62,1600,33,367,58,0,-0.12,-0.5,-3.2,-171,0.002,-0.018,0.996,1.25,-0.50,-2.12,0.0,0.0,0.0,1500,1500,1500,1000,1500,1000,1000,1500,40,40,40,40,40,40,85,45,0
1779416099.436,3.62,1600,33,367,58,0,-0.12,-0.5,-3.2,-171,0.002,-0.018,0.996,1.25,-0.50,-2.12,0.0,0.0,0.0,1500,1500,1500,1000,1500,1000,1000,1500,40,40,40,40,40,40,85,45,0
1779416100.527,3.62,1600,33,367,58,0,-0.12,-0.5,-3.2,-171,0.002,-0.018,0.996,1.25,-0.50,-2.12,0.0,0.0,0.0,1500,1500,1500,1000,1500,1000,1000,1500,40,40,40,40,40,40,85,45,0
1779416101.614,3.62,1600,33,367,58,0,-0.12,-0.5,-3.2,-171,0.002,-0.018,0.996,1.25,-0.50,-2.12,0.0,0.0,0.0,1500,1500,1500,1000,1500,1000,1000,1500,40,40,40,40,40,40,85,45,0
1779416102.706,3.62,1600,33,367,58,0,-0.12,-0.5,-3.2,-171,0.002,-0.018,0.996,1.25,-0.50,-2.12,0.0,0.0,0.0,1500,1500,1500,1000,1500,1000,1000,1500,40,40,40,40,40,40,85,45,0
1779416103.799,3.62,1600,33,367,58,0,-0.12,-0.5,-3.2,-171,0.002,-0.018,0.996,1.25,-0.50,-2.12,0.0,0.0,0.0,1500,1500,1500,1000,1500,1000,1000,1500,40,40,40,40,40,40,85,45,0
1779416104.889,3.62,1600,33,367,58,0,-0.12,-0.5,-3.2,-171,0.002,-0.018,0.996,1.25,-0.50,-2.12,0.0,0.0,0.0,1500,1500,1500,1000,1500,1000,1000,1500,40,40,40,40,40,40,85,45,0
1779416105.973,3.62,1600,33,367,58,0,-0.12,-0.5,-3.2,-171,0.002,-0.018,0.996,1.25,-0.50,-2.12,0.0,0.0,0.0,1500,1500,1500,1000,1500,1000,1000,1500,40,40,40,40,40,40,85,45,0
1779416107.062,3.62,1600,33,367,58,0,-0.12,-0.5,-3.2,-171,0.002,-0.018,0.996,1.25,-0.50,-2.12,0.0,0.0,0.0,1500,1500,1500,1000,1500,1000,1000,1500,40,40,40,40,40,40,85,45,0
1779416108.157,3.62,1600,33,367,58,0,-0.12,-0.5,-3.2,-171,0.002,-0.018,0.996,1.25,-0.50,-2.12,0.0,0.0,0.0,1500,1500,1500,1000,1500,1000,1000,1500,40,40,40,40,40,40,85,45,0
1779416109.255,3.62,1600,33,367,58,0,-0.12,-0.5,-3.2,-171,0.002,-0.018,0.996,1.25,-0.50,-2.12,0.0,0.0,0.0,1500,1500,1500,1000,1500,1000,1000,1500,40,40,40,40,40,40,85,45,0
1779416110.347,3.62,1600,33,367,58,0,-0.12,-0.5,-3.2,-171,0.002,-0.018,0.996,1.25,-0.50,-2.12,0.0,0.0,0.0,1500,1500,1500,1000,1500,1000,1000,1500,40,40,40,40,40,40,85,45,0
1779416111.436,3.62,1600,33,367,58,0,-0.12,-0.5,-3.2,-171,0.002,-0.018,0.996,1.25,-0.50,-2.12,0.0,0.0,0.0,1500,1500,1500,1000,1500,1000,1000,1500,40,40,40,40,40,40,85,45,0
1779416112.550,3.62,1600,33,367,58,0,-0.12,-0.5,-3.2,-171,0.002,-0.018,0.996,1.25,-0.50,-2.12,0.0,0.0,0.0,1500,1500,1500,1000,1500,1000,1000,1500,40,40,40,40,40,40,85,45,0
1779416113.648,3.62,1600,33,367,58,0,-0.12,-0.5,-3.2,-171,0.002,-0.018,0.996,1.25,-0.50,-2.12,0.0,0.0,0.0,1500,1500,1500,1000,1500,1000,1000,1500,40,40,40,40,40,40,85,45,0
1779416114.754,3.62,1600,33,367,58,0,-0.12,-0.5,-3.2,-171,0.002,-0.018,0.996,1.25,-0.50,-2.12,0.0,0.0,0.0,1500,1500,1500,1000,1500,1000,1000,1500,40,40,40,40,40,40,85,45,0
1779416115.844,3.62,1600,33,367,58,0,-0.12,-0.5,-3.2,-171,0.002,-0.018,0.996,1.25,-0.50,-2.12,0.0,0.0,0.0,1500,1500,1500,1000,1500,1000,1000,1500,40,40,40,40,40,40,85,45,0
1779416116.923,3.62,1600,33,367,58,0,-0.12,-0.5,-3.2,-171,0.002,-0.018,0.996,1.25,-0.50,-2.12,0.0,0.0,0.0,1500,1500,1500,1000,1500,1000,1000,1500,40,40,40,40,40,40,85,45,0
1779416118.001,3.62,1600,33,367,58,0,-0.12,-0.5,-3.2,-171,0.002,-0.018,0.996,1.25,-0.50,-2.12,0.0,0.0,0.0,1500,1500,1500,1000,1500,1000,1000,1500,40,40,40,40,40,40,85,45,0
1779416119.089,3.62,1600,33,367,58,0,-0.12,-0.5,-3.2,-171,0.002,-0.018,0.996,1.25,-0.50,-2.12,0.0,0.0,0.0,1500,1500,1500,1000,1500,1000,1000,1500,40,40,40,40,40,40,85,45,0
1779416120.165,3.62,1600,33,367,58,0,-0.12,-0.5,-3.2,-171,0.002,-0.018,0.996,1.25,-0.50,-2.12,0.0,0.0,0.0,1500,1500,1500,1000,1500,1000,1000,1500,40,40,40,40,40,40,85,45,0
1779416121.249,3.62,1600,33,367,58,0,-0.12,-0.5,-3.2,-171,0.002,-0.018,0.996,1.25,-0.50,-2.12,0.0,0.0,0.0,1500,1500,1500,1000,1500,1000,1000,1500,40,40,40,40,40,40,85,45,0
1779416122.328,3.62,1600,33,367,58,0,-0.12,-0.5,-3.2,-171,0.002,-0.018,0.996,1.25,-0.50,-2.12,0.0,0.0,0.0,1500,1500,1500,1000,1500,1000,1000,1500,40,40,40,40,40,40,85,45,0
1779416123.419,3.62,1600,33,367,58,0,-0.12,-0.5,-3.2,-171,0.002,-0.018,0.996,1.25,-0.50,-2.12,0.0,0.0,0.0,1500,1500,1500,1000,1500,1000,1000,1500,40,40,40,40,40,40,85,45,0
1779416124.514,3.62,1600,33,367,58,0,-0.12,-0.5,-3.2,-171,0.002,-0.018,0.996,1.25,-0.50,-2.12,0.0,0.0,0.0,1500,1500,1500,1000,1500,1000,1000,1500,40,40,40,40,40,40,85,45,0
1779416125.628,3.62,1600,33,367,58,0,-0.12,-0.5,-3.2,-171,0.002,-0.018,0.996,1.25,-0.50,-2.12,0.0,0.0,0.0,1500,1500,1500,1000,1500,1000,1000,1500,40,40,40,40,40,40,85,45,0
1779416126.794,3.62,1600,33,367,58,0,-0.12,-0.5,-3.2,-171,0.002,-0.018,0.996,1.25,-0.50,-2.12,0.0,0.0,0.0,1500,1500,1500,1000,1500,1000,1000,1500,40,40,40,40,40,40,85,45,0
1779416127.937,3.62,1600,33,367,58,0,-0.12,-0.5,-3.2,-171,0.002,-0.018,0.996,1.25,-0.50,-2.12,0.0,0.0,0.0,1500,1500,1500,1000,1500,1000,1000,1500,40,40,40,40,40,40,85,45,0
1779416129.084,3.62,1600,33,367,58,0,-0.12,-0.5,-3.2,-171,0.002,-0.018,0.996,1.25,-0.50,-2.12,0.0,0.0,0.0,1500,1500,1500,1000,1500,1000,1000,1500,40,40,40,40,40,40,85,45,0
1779416130.245,3.62,1600,33,367,58,0,-0.12,-0.5,-3.2,-171,0.002,-0.018,0.996,1.25,-0.50,-2.12,0.0,0.0,0.0,1500,1500,1500,1000,1500,1000,1000,1500,40,40,40,40,40,40,85,45,0
1779416131.410,3.62,1600,33,367,58,0,-0.12,-0.5,-3.2,-171,0.002,-0.018,0.996,1.25,-0.50,-2.12,0.0,0.0,0.0,1500,1500,1500,1000,1500,1000,1000,1500,40,40,40,40,40,40,85,45,0
1779416132.516,3.62,1600,33,367,58,0,-0.12,-0.5,-3.2,-171,0.002,-0.018,0.996,1.25,-0.50,-2.12,0.0,0.0,0.0,1500,1500,1500,1000,1500,1000,1000,1500,40,40,40,40,40,40,85,45,0
1779416133.613,3.62,1600,33,367,58,0,-0.12,-0.5,-3.2,-171,0.002,-0.018,0.996,1.25,-0.50,-2.12,0.0,0.0,0.0,1500,1500,1500,1000,1500,1000,1000,1500,40,40,40,40,40,40,85,45,0
1779416134.714,3.62,1600,33,367,58,0,-0.12,-0.5,-3.2,-171,0.002,-0.018,0.996,1.25,-0.50,-2.12,0.0,0.0,0.0,1500,1500,1500,1000,1500,1000,1000,1500,40,40,40,40,40,40,85,45,0
1779416135.830,3.62,1600,33,367,58,0,-0.12,-0.5,-3.2,-171,0.002,-0.018,0.996,1.25,-0.50,-2.12,0.0,0.0,0.0,1500,1500,1500,1000,1500,1000,1000,1500,40,40,40,40,40,40,85,45,0
1779416136.948,3.62,1600,33,367,58,0,-0.12,-0.5,-3.2,-171,0.002,-0.018,0.996,1.25,-0.50,-2.12,0.0,0.0,0.0,1500,1500,1500,1000,1500,1000,1000,1500,40,40,40,40,40,40,85,45,0
1779416138.035,3.62,1600,33,367,58,0,-0.12,-0.5,-3.2,-171,0.002,-0.018,0.996,1.25,-0.50,-2.12,0.0,0.0,0.0,1500,1500,1500,1000,1500,1000,1000,1500,40,40,40,40,40,40,85,45,0
1779416139.137,3.62,1600,33,367,58,0,-0.12,-0.5,-3.2,-171,0.002,-0.018,0.996,1.25,-0.50,-2.12,0.0,0.0,0.0,1500,1500,1500,1000,1500,1000,1000,1500,40,40,40,40,40,40,85,45,0
1779416140.234,3.62,1600,33,367,58,0,-0.12,-0.5,-3.2,-171,0.002,-0.018,0.996,1.25,-0.50,-2.12,0.0,0.0,0.0,1500,1500,1500,1000,1500,1000,1000,1500,40,40,40,40,40,40,85,45,0
1779416141.324,3.62,1600,33,367,58,0,-0.12,-0.5,-3.2,-171,0.002,-0.018,0.996,1.25,-0.50,-2.12,0.0,0.0,0.0,1500,1500,1500,1000,1500,1000,1000,1500,40,40,40,40,40,40,85,45,0
1779416142.427,3.62,1600,33,367,58,0,-0.12,-0.5,-3.2,-171,0.002,-0.018,0.996,1.25,-0.50,-2.12,0.0,0.0,0.0,1500,1500,1500,1000,1500,1000,1000,1500,40,40,40,40,40,40,85,45,0
1779416143.510,3.62,1600,33,367,58,0,-0.12,-0.5,-3.2,-171,0.002,-0.018,0.996,1.25,-0.50,-2.12,0.0,0.0,0.0,1500,1500,1500,1000,1500,1000,1000,1500,40,40,40,40,40,40,85,45,0
1779416144.710,3.62,1600,33,367,58,0,-0.12,-0.5,-3.2,-171,0.002,-0.018,0.996,1.25,-0.50,-2.12,0.0,0.0,0.0,1500,1500,1500,1000,1500,1000,1000,1500,40,40,40,40,40,40,85,45,0
1779416145.957,3.62,1600,33,367,58,0,-0.12,-0.5,-3.2,-171,0.002,-0.018,0.996,1.25,-0.50,-2.12,0.0,0.0,0.0,1500,1500,1500,1000,1500,1000,1000,1500,40,40,40,40,40,40,85,45,0
1779416147.150,3.62,1600,33,367,58,0,-0.12,-0.5,-3.2,-171,0.002,-0.018,0.996,1.25,-0.50,-2.12,0.0,0.0,0.0,1500,1500,1500,1000,1500,1000,1000,1500,40,40,40,40,40,40,85,45,0
1779416148.303,3.62,1600,33,367,58,0,-0.12,-0.5,-3.2,-171,0.002,-0.018,0.996,1.25,-0.50,-2.12,0.0,0.0,0.0,1500,1500,1500,1000,1500,1000,1000,1500,40,40,40,40,40,40,85,45,0
1779416149.741,3.62,1600,33,367,58,0,-0.12,-0.5,-3.2,-171,0.002,-0.018,0.996,1.25,-0.50,-2.12,0.0,0.0,0.0,1500,1500,1500,1000,1500,1000,1000,1500,40,40,40,40,40,40,85,45,0
1779416151.149,3.62,1600,33,367,58,0,-0.12,-0.5,-3.2,-171,0.002,-0.018,0.996,1.25,-0.50,-2.12,0.0,0.0,0.0,1500,1500,1500,1000,1500,1000,1000,1500,40,40,40,40,40,40,85,45,0
1779416152.527,3.62,1600,33,367,58,0,-0.12,-0.5,-3.2,-171,0.002,-0.018,0.996,1.25,-0.50,-2.12,0.0,0.0,0.0,1500,1500,1500,1000,1500,1000,1000,1500,40,40,40,40,40,40,85,45,0
1779416153.772,3.62,1600,33,367,58,0,-0.12,-0.5,-3.2,-171,0.002,-0.018,0.996,1.25,-0.50,-2.12,0.0,0.0,0.0,1500,1500,1500,1000,1500,1000,1000,1500,40,40,40,40,40,40,85,45,0
1779416155.033,3.62,1600,33,367,58,0,-0.12,-0.5,-3.2,-171,0.002,-0.018,0.996,1.25,-0.50,-2.12,0.0,0.0,0.0,1500,1500,1500,1000,1500,1000,1000,1500,40,40,40,40,40,40,85,45,0
1779416156.197,3.62,1600,33,367,58,0,-0.12,-0.5,-3.2,-171,0.002,-0.018,0.996,1.25,-0.50,-2.12,0.0,0.0,0.0,1500,1500,1500,1000,1500,1000,1000,1500,40,40,40,40,40,40,85,45,0
1779416157.371,3.62,1600,33,367,58,0,-0.12,-0.5,-3.2,-171,0.002,-0.018,0.996,1.25,-0.50,-2.12,0.0,0.0,0.0,1500,1500,1500,1000,1500,1000,1000,1500,40,40,40,40,40,40,85,45,0
1779416158.592,3.62,1600,33,367,58,0,-0.12,-0.5,-3.2,-171,0.002,-0.018,0.996,1.25,-0.50,-2.12,0.0,0.0,0.0,1500,1500,1500,1000,1500,1000,1000,1500,40,40,40,40,40,40,85,45,0
1779416159.747,3.62,1600,33,367,58,0,-0.12,-0.5,-3.2,-171,0.002,-0.018,0.996,1.25,-0.50,-2.12,0.0,0.0,0.0,1500,1500,1500,1000,1500,1000,1000,1500,40,40,40,40,40,40,85,45,0
1779416160.920,3.62,1600,33,367,58,0,-0.12,-0.5,-3.2,-171,0.002,-0.018,0.996,1.25,-0.50,-2.12,0.0,0.0,0.0,1500,1500,1500,1000,1500,1000,1000,1500,40,40,40,40,40,40,85,45,0
1779416162.084,3.62,1600,33,367,58,0,-0.12,-0.5,-3.2,-171,0.002,-0.018,0.996,1.25,-0.50,-2.12,0.0,0.0,0.0,1500,1500,1500,1000,1500,1000,1000,1500,40,40,40,40,40,40,85,45,0
1779416163.222,3.62,1600,33,367,58,0,-0.12,-0.5,-3.2,-171,0.002,-0.018,0.996,1.25,-0.50,-2.12,0.0,0.0,0.0,1500,1500,1500,1000,1500,1000,1000,1500,40,40,40,40,40,40,85,45,0
1779416164.382,3.62,1600,33,367,58,0,-0.12,-0.5,-3.2,-171,0.002,-0.018,0.996,1.25,-0.50,-2.12,0.0,0.0,0.0,1500,1500,1500,1000,1500,1000,1000,1500,40,40,40,40,40,40,85,45,0
1779416165.586,3.62,1600,33,367,58,0,-0.12,-0.5,-3.2,-171,0.002,-0.018,0.996,1.25,-0.50,-2.12,0.0,0.0,0.0,1500,1500,1500,1000,1500,1000,1000,1500,40,40,40,40,40,40,85,45,0
